age,balance,duration,marital,unfair_label,fair_label
-0.6419310153877298,-0.5772783111245724,-0.31770998605372663,0,0,0
-0.7376558909301887,-0.30510701224710945,0.17074373795870323,0,0,0
0.7939421177491539,-0.5939157416202167,-0.2921937467396445,0,2,5
-1.0248305175575654,0.9085722123710441,-0.4708074219382196,1,0,0
-0.35475638876035304,2.3948493366486003,0.513390380176378,1,1,2
-0.9291056420151065,-0.3260104505621497,-0.4015490580857109,0,0,0
0.9853918688340717,-0.5845305244175455,-0.21564502879739803,0,2,5
-0.7376558909301887,2.8444865608129355,-0.5983886185086305,0,1,2
1.4640162465463664,-1.0926120557076056,0.40403506883031154,0,2,5
0.8896669932916128,-0.14683812214751896,0.25093763294581856,0,2,5
0.698217242206695,-0.26202033327121016,-0.16096737312436482,0,2,5
-0.6419310153877298,-0.40919760304037117,-0.6202596807778437,0,0,0
-0.06758176213297629,-0.1720075682819552,-0.4780977760279574,0,0,0
-1.1205553931000243,-0.38402815690593495,0.48058378677255803,1,3,0
0.8896669932916128,-0.47318772033131073,-0.004224760195003002,1,2,5
-0.8333807664726476,-0.45612368905372686,-0.35051657945754655,0,0,0
-0.9291056420151065,0.2622720277325546,0.04680771843316132,1,0,0
1.5597411220888253,-0.5632004853205657,-0.2047094976627914,0,2,5
-0.1633066376754352,-0.5363246360583711,-0.7733571166623366,0,0,0
1.4640162465463664,-0.21296124334815653,-0.7332601691687789,0,2,5
0.12386798895194154,-0.1310538932157539,-0.9045834902776163,0,0,0
-0.45048126430281193,-0.5781315126884515,0.2254213936317364,1,0,5
-0.45048126430281193,-0.575571907996814,-0.09170900927185612,0,0,0
-0.9291056420151065,0.4051832896823196,-0.4817429530728263,1,0,0
-1.312005144184942,-0.5721591017412972,-0.7259698150790412,1,0,0
1.1768416199189895,-0.5158477985252704,-0.4416460055792686,0,2,5
1.0811167443765306,-0.2978547989541363,0.4623579015482136,0,2,5
-1.0248305175575654,-0.5900763345827603,0.04680771843316132,0,0,0
1.6554659976312842,0.1888966932389439,-0.9191641984570919,0,2,5
-0.35475638876035304,-0.39256017254472686,-0.2229353828871358,1,0,5
-0.1633066376754352,2.4362296124967413,1.4429105266179423,1,1,2
1.7511908731737431,0.7712067605864938,-0.11358007154106939,0,2,5
-1.0248305175575654,-0.5260862172918207,-0.5983886185086305,0,0,0
0.7939421177491539,2.411060166362305,0.19625997727278538,0,1,2
-0.8333807664726476,-0.6139659783713778,0.5644228588045422,1,3,0
1.2725664954614484,-0.09223322205925055,-0.42342012035492416,0,2,5
-0.35475638876035304,-0.4766005265868275,-0.3140648090088578,0,0,0
0.028143113409482626,-0.1724341690638948,-0.9045834902776163,0,0,0
-0.1633066376754352,-0.46465570469251877,-0.6166145037329748,0,0,0
-0.8333807664726476,-0.5781315126884515,-0.609324149643237,0,0,0
0.5067674911217772,-0.32515724899827053,-0.2958389237845134,1,2,5
-0.7376558909301887,-0.46166949921894157,1.9386546047201099,0,3,1
-0.1633066376754352,-0.595622144747975,-0.8426154805148454,1,0,5
0.12386798895194154,-0.5781315126884515,0.20719550840739204,0,0,1
0.698217242206695,-0.5747187064329348,-0.820744418245632,0,2,5
-1.1205553931000243,-0.4889719492630758,0.7867786585415439,1,3,1
-1.407730019727401,0.9883465585937488,0.32384117384319616,1,1,2
1.6554659976312842,1.6734674143887416,1.7928475229253547,0,1,2
0.7939421177491539,0.13514499471455468,-0.521839900566384,0,2,5
-0.8333807664726476,-0.19888341754414982,-0.3140648090088578,0,0,0
-1.0248305175575654,-0.06194456654153916,-0.6239048578227125,0,0,0
-0.9291056420151065,-0.42455523119019667,-0.6640018053162703,0,0,0
-0.1633066376754352,-0.23941049182841154,-0.3250003401434644,0,0,0
-0.7376558909301887,-0.4719079179854919,-0.7660667625725989,0,0,0
-0.8333807664726476,-0.5721591017412972,-0.3650972876370221,0,0,0
-0.25903151321789414,-0.4454586695052369,-0.7660667625725989,1,0,5
1.5597411220888253,-0.4902517516088946,-0.2010643206179225,0,2,5
1.6554659976312842,-0.5781315126884515,-0.44893635966900636,0,2,5
0.028143113409482626,-0.5026231742851429,-0.5619368480599416,0,0,0
0.028143113409482626,-0.48385273987980065,-0.7806474707520744,0,0,0
-1.0248305175575654,-0.36440452093671344,0.8851984387530036,0,3,1
-1.2162802686424832,4.351240522623592,-0.5327754317009906,1,5,4
0.12386798895194154,0.4525359764776149,-0.4853881301176951,0,0,0
-0.25903151321789414,1.284407501259829,-0.30312927787425115,1,1,2
-0.9291056420151065,1.5314093540028557,0.633681222657051,0,1,2
-1.312005144184942,-0.5299256243292771,-0.8462606575597142,1,0,0
-1.1205553931000243,-0.5721591017412972,-0.671292159406008,1,0,0
0.028143113409482626,-0.5905029353646999,-0.8389703034699765,0,0,0
-0.06758176213297629,0.5800896102775543,-0.5327754317009906,0,0,0
-0.9291056420151065,-0.5781315126884515,0.09784019706132563,0,0,0
-0.5462061398452709,-0.4565502898356664,-0.4926784842074329,0,0,0
-0.25903151321789414,0.9473928835275475,0.2837442263496385,0,1,2
0.5067674911217772,-0.13702630416290823,-0.5910982644188927,0,2,0
-0.9291056420151065,-0.3729365365755054,-0.6020337955534992,1,0,0
-0.5462061398452709,-0.5781315126884515,0.9216502092016925,0,3,1
1.6554659976312842,0.02209578750056146,-0.7770022937072055,0,2,5
1.6554659976312842,-0.5047561781948409,-0.45987189080361296,0,2,5
3.091339130768168,-0.5124349922697536,-0.6129693266881059,0,2,5
0.5067674911217772,-0.5482694579526798,-0.15367701903462708,0,2,0
-1.6949046463547779,3.045415529106486,-0.41248458922031755,1,1,2
-0.9291056420151065,0.012283969515950729,-0.24845162220121794,0,0,0
-0.1633066376754352,-0.4595364953092436,-0.7697119396174678,0,0,0
-0.35475638876035304,-0.2991346012999551,1.176812602342514,1,3,1
-0.45048126430281193,-0.5828241212897871,-0.3614521105921532,0,0,0
-0.6419310153877298,-0.38104195143235775,5.853574750909286,1,4,3
1.2725664954614484,0.25629961678540025,-0.1828384353935781,0,2,5
-1.5034548952698599,-0.5704526986135389,-0.1682577272141026,0,0,0
-0.8333807664726476,0.31303752078336666,-0.5072591923869084,0,0,0
-0.6419310153877298,-0.577704911906512,1.1330704778040874,1,3,1
1.0811167443765306,-0.5175542016530288,-0.580162733284286,0,2,5
-1.0248305175575654,-0.5580812759372905,-0.9483256148160428,1,0,0
1.1768416199189895,-0.5337650313667335,1.5668465461434842,0,3,1
-0.7376558909301887,1.1005425642438629,1.8001378770150924,0,3,1
1.1768416199189895,-0.5623472837566865,-0.8025185330212876,0,2,5
-0.1633066376754352,-0.5316320274570355,1.5595561920537464,1,3,1
0.028143113409482626,-0.5546684696817737,-0.3140648090088578,0,0,0
0.6024923666642361,-0.5316320274570355,-0.011515114284740762,0,2,5
-0.7376558909301887,-0.5149945969613913,1.6251693788613863,0,3,1
-0.06758176213297629,-0.036348519625163334,0.25822798703555633,0,0,1
1.3682913710039073,-0.5103019883600557,-0.9337449066365673,0,2,5
-0.45048126430281193,1.074946517327487,-0.9118738443673541,1,1,5
0.028143113409482626,-0.47105471642161273,-0.6785825134957457,0,0,0
1.1768416199189895,-0.5504024618623777,-0.8972931361878785,0,2,5
0.5067674911217772,0.800642214540326,-0.6457759200919259,1,2,5
-1.2162802686424832,-0.5508290626443174,-0.4051942351305798,0,0,0
-0.35475638876035304,-0.5623472837566865,-0.06619276995777396,1,0,5
0.5067674911217772,0.6607171580641382,0.021291479119079155,0,2,2
-0.45048126430281193,0.24307499254527273,2.306817486251867,0,3,3
-0.6419310153877298,-0.4010921881835188,0.32748635088806505,0,0,1
1.0811167443765306,-0.5781315126884515,-0.27032268447043123,0,2,5
-0.35475638876035304,-0.2987080005180155,-0.5254850776112528,0,0,0
1.4640162465463664,0.35612419975926596,-0.6603566282714014,0,2,5
-0.6419310153877298,-0.2125346425662169,-0.12087042563080716,0,0,0
-0.6419310153877298,-0.49238475551859257,-0.05161206177829844,1,0,0
0.028143113409482626,-0.5661866907941429,-0.8098088871110254,0,0,0
-0.7376558909301887,-0.18053958392074715,-0.1646125501692337,0,0,0
-0.7376558909301887,-0.5568014735914717,-0.09170900927185612,0,0,0
-0.6419310153877298,-0.3836015561239953,-0.489033307162564,0,0,0
-0.9291056420151065,-0.5418704462235858,-0.4380008285343997,1,0,0
0.21959286449440046,-0.008619468799089527,0.36393812133675385,0,3,1
0.21959286449440046,-0.36952373031998864,-0.5145495464766462,0,0,0
1.0811167443765306,-0.5627738845386261,-0.5910982644188927,0,2,5
0.6024923666642361,-0.5772783111245724,-0.6640018053162703,0,2,0
-0.35475638876035304,0.047691834416937286,0.2837442263496385,1,0,5
-1.1205553931000243,-0.5597876790650489,-0.7405505232585167,0,0,0
-0.06758176213297629,0.08224649775404465,-0.6202596807778437,0,0,0
0.7939421177491539,-0.28505677549594843,1.8256541163291746,0,3,1
-0.9291056420151065,-0.3332626638551229,0.5061000260866402,1,3,0
1.2725664954614484,-0.20912183631070014,-0.7296149921239101,0,2,5
-0.8333807664726476,2.074045548630023,0.783133481496675,0,1,2
0.41104261557931826,1.7468427488823524,-0.30312927787425115,0,1,2
0.12386798895194154,-0.5282192212015188,-0.4525815367138752,0,0,0
-1.599179770812319,-0.5742921056509952,0.07596913479211236,0,0,0
1.942640624258661,0.666262968229353,-0.2047094976627914,0,2,5
1.1768416199189895,-0.38573456003369333,-0.5327754317009906,0,2,5
-0.45048126430281193,-0.377629145176841,-0.6202596807778437,0,0,0
-0.6419310153877298,-0.7257353832395521,-0.4926784842074329,0,0,0
-1.0248305175575654,-0.49622416255604895,0.5534873276699356,1,3,0
-0.1633066376754352,-0.20314942536354577,-0.6166145037329748,0,0,0
-0.7376558909301887,-0.4552704874898476,0.12700161342027666,0,0,0
0.41104261557931826,-0.19120460346923707,-0.1500318419897582,0,2,0
0.31531774003685936,-0.5666132915760824,0.7794883044518062,0,3,1
-0.06758176213297629,1.3884980920530907,-0.42706529739979304,0,1,2
-0.7376558909301887,-0.3046804114651699,0.27645387225990076,0,0,1
1.4640162465463664,-0.22490606524246523,-0.20835467470766028,0,2,5
-0.25903151321789414,0.25800601991315864,-0.4015490580857109,0,0,0
-1.0248305175575654,0.3369271645719841,1.661621149310075,1,3,1
0.5067674911217772,-0.4032251920932168,-0.397903881040842,0,2,0
-0.7376558909301887,-0.5486960587346194,-0.7077439298546968,0,0,0
-0.25903151321789414,-0.5781315126884515,-0.547356139880466,0,0,0
1.3682913710039073,-0.14683812214751896,-0.580162733284286,0,2,5
-0.5462061398452709,-0.5772783111245724,1.3918780479897779,0,3,1
0.12386798895194154,-0.753464434065626,-0.7040987528098279,1,0,5
0.028143113409482626,-0.009046069581029124,-0.13545113381028268,0,0,0
-0.45048126430281193,-0.4335138476109282,-0.9665515000403873,1,0,5
-1.312005144184942,-0.4667887086022168,-0.5765175562394171,1,0,0
-1.0248305175575654,-0.49238475551859257,0.19625997727278538,1,0,0
0.028143113409482626,0.12405337438412516,-0.03703135359882292,1,0,5
1.7511908731737431,-0.5781315126884515,0.5607776817596734,0,2,5
1.6554659976312842,0.5860620212247087,-0.30312927787425115,0,2,5
-0.5462061398452709,-0.5384576399680691,-0.26667750742556234,0,0,0
0.41104261557931826,-0.5593610782831093,-0.6931632216752213,0,2,0
-1.2162802686424832,0.8774303552894536,-0.9082286673224852,1,0,0
1.3682913710039073,-0.9902278680421023,-0.609324149643237,0,2,5
-0.6419310153877298,-0.4889719492630758,0.3785188295162294,0,3,1
-1.2162802686424832,-0.4168764171152839,0.27280869521503187,1,0,0
-1.0248305175575654,-0.23727748791871353,-0.6567114512265325,1,0,0
-0.9291056420151065,-0.6293236065212032,-0.6239048578227125,0,0,0
0.028143113409482626,-0.5563748728095321,-0.4780977760279574,0,0,0
0.31531774003685936,-0.199736619108029,-0.38696834990623535,0,2,0
-0.35475638876035304,1.1410696385281245,-0.33958104832293995,0,1,2
-0.35475638876035304,0.11850756421891039,-0.15367701903462708,0,0,0
-1.2162802686424832,1.4460891976149364,0.32384117384319616,1,1,2
0.6024923666642361,-0.08028840016494183,2.540108817123475,0,4,3
-0.35475638876035304,-0.28420357393206924,0.3493574131572783,0,3,1
-0.5462061398452709,-0.5516822642081965,-0.7441957003033856,1,0,0
0.698217242206695,-0.3844547576878745,-0.5728723791945483,0,2,5
0.5067674911217772,-0.27737796142103566,0.4623579015482136,1,2,5
0.21959286449440046,2.781776245867815,-0.22658055993200465,0,1,2
-0.45048126430281193,-0.3034006091193511,-0.7915830018866811,0,0,0
-1.1205553931000243,0.9883465585937488,3.422241661981744,1,4,3
-1.407730019727401,-0.4650823054744584,1.3809425168551712,0,3,1
1.5597411220888253,-0.5107285891419953,-0.7223246380341724,0,2,5
0.12386798895194154,-0.4151700139875255,0.08325948888185011,1,0,5
0.7939421177491539,1.4128143366236479,-0.5145495464766462,0,1,2
1.2725664954614484,-0.5363246360583711,0.5425517965353289,0,2,5
-0.7376558909301887,-0.5597876790650489,0.22177621658686755,0,0,1
-0.7376558909301887,-0.3720833350116262,0.032227010253685795,0,0,0
0.028143113409482626,-0.5461364540429818,0.7576172421825929,1,3,5
-0.35475638876035304,1.4524882093440303,-0.3250003401434644,0,1,2
1.846915748716202,-0.5478428571707402,-0.547356139880466,0,2,5
1.846915748716202,-0.5781315126884515,-0.5145495464766462,0,2,5
1.2725664954614484,-0.027389903204431798,-0.01880546837447852,0,2,5
0.028143113409482626,1.931560887462198,-0.3250003401434644,0,1,2
1.5597411220888253,-0.07815539625524384,-0.8936479591430097,0,2,5
-0.06758176213297629,-0.5299256243292771,-0.5291302546561217,0,0,0
0.12386798895194154,-0.1421455135461834,-0.4562267137587441,1,0,5
0.6024923666642361,-0.4535640843620892,-0.2229353828871358,0,2,5
-0.5462061398452709,-0.5781315126884515,-0.6056789725983681,0,0,0
-1.2162802686424832,-0.5781315126884515,-0.2411612681114802,1,0,0
-0.06758176213297629,-0.5781315126884515,-0.0005795831501341221,0,0,0
-0.6419310153877298,-0.428394638227653,0.7138751176441663,0,3,1
-0.25903151321789414,-0.06407757045123715,-0.8243895952905009,0,0,0
-0.25903151321789414,0.2784828574462593,0.3019701115739829,0,0,1
-0.45048126430281193,-0.4966507633379885,-0.7369053462136478,0,0,0
-0.25903151321789414,0.5067142757839437,-0.17554808130384034,1,0,5
-0.9291056420151065,-0.549122659516559,1.089328353265661,1,3,1
1.5597411220888253,-0.45228428201627047,-0.4380008285343997,0,2,5
0.21959286449440046,-0.49793056568380734,-0.7770022937072055,0,0,0
-0.25903151321789414,-0.5457098532610422,-0.2739678615153001,0,0,0
-0.06758176213297629,0.002472151531339996,4.380923224782259,1,4,3
0.028143113409482626,-0.01971108912951905,-0.8863576050532719,0,0,0
0.5067674911217772,-0.42114242493467985,0.07961431183698123,0,2,0
-0.35475638876035304,-0.39469317645442487,-0.42706529739979304,0,0,0
-1.0248305175575654,-0.07260958609002909,0.04680771843316132,1,0,0
0.5067674911217772,-0.08839381502179418,-0.609324149643237,0,2,0
-0.9291056420151065,-0.31022622163038466,2.9593041772833963,1,4,1
0.5067674911217772,1.4930152836282922,4.585053139294916,0,4,3
-0.7376558909301887,-0.5533886673359549,-0.7806474707520744,0,0,0
-0.6419310153877298,-0.5781315126884515,-0.5655820251048105,0,0,0
0.31531774003685936,-0.1267878853963579,-0.30312927787425115,0,2,0
-1.0248305175575654,0.09163171495671578,-0.0406765306436918,0,0,0
-0.5462061398452709,0.7703535590226147,0.5899390981186244,0,3,1
0.028143113409482626,1.1069415759729568,-0.6384855660021881,1,1,5
0.41104261557931826,-0.43564685152062615,-0.671292159406008,0,2,0
0.8896669932916128,-0.5418704462235858,-0.4744525989830885,0,2,5
0.698217242206695,-0.15238393231273373,-0.547356139880466,0,2,5
-1.312005144184942,-0.47788032893264626,-0.9410352607263051,1,0,0
1.7511908731737431,-0.5781315126884515,0.8086497208107571,0,2,5
-1.6949046463547779,-0.5764251095606931,0.45142237041360694,1,3,0
1.942640624258661,1.6431787588710303,0.23635692476634307,0,2,2
-0.25903151321789414,0.6214698861256953,2.03707438493157,0,3,1
-0.35475638876035304,0.1466632158269238,-0.7587764084828611,0,0,0
-0.8333807664726476,-0.1728607698458344,-0.19012878948331588,0,0,0
-0.6419310153877298,-0.5781315126884515,-0.7296149921239101,1,0,0
-0.1633066376754352,-0.45313748358014966,-0.4051942351305798,0,0,0
1.4640162465463664,-0.626337401047626,1.2497161432398916,0,2,5
-0.25903151321789414,1.0139426055101246,0.3930995376957049,0,1,2
0.698217242206695,2.879894425713922,-0.5327754317009906,1,1,2
-1.0248305175575654,-0.1579297424779485,-0.6676469823611391,1,0,0
0.028143113409482626,-0.5781315126884515,-0.6640018053162703,0,0,0
0.6024923666642361,-0.5474162563888006,0.024936656163948037,0,2,5
1.1768416199189895,-0.48214633675204227,0.11971125933053892,0,2,5
1.3682913710039073,-0.06194456654153916,2.175591112636587,0,4,3
0.698217242206695,-0.5021965735032033,0.17803409204844098,0,2,5
0.028143113409482626,-0.4330872468289886,-0.853551011649452,0,0,0
0.8896669932916128,0.8539673122827757,-0.11722524858593827,0,2,2
-0.35475638876035304,0.4103024990655948,-0.5728723791945483,1,0,5
-0.6419310153877298,-0.4864123445714382,0.28738940339450736,1,0,0
-0.6419310153877298,-0.5167010000891497,-0.609324149643237,1,0,0
-1.5034548952698599,-0.4066379983487336,-0.02609582246421628,1,0,0
-0.25903151321789414,-0.19333760737893504,-0.7770022937072055,1,0,5
-0.45048126430281193,-0.6331630135586596,-0.547356139880466,0,0,0
1.4640162465463664,-0.009472670362968722,-0.9264545525468296,0,2,5
1.4640162465463664,-0.5137147946155725,-0.521839900566384,0,2,5
-1.407730019727401,-0.21296124334815653,-0.642130743047057,1,0,0
-0.5462061398452709,-0.27951096533073366,-0.11358007154106939,0,0,0
0.5067674911217772,-0.46252270078282076,-0.49996883829717065,0,2,0
-1.2162802686424832,2.112439619004587,1.2533613202847604,1,1,2
-0.45048126430281193,0.0749942844610715,-0.6931632216752213,1,0,5
-0.5462061398452709,2.6409979878277476,-0.489033307162564,1,1,2
-0.5462061398452709,0.25331341131182306,-0.25938715333582457,0,0,0
-1.2162802686424832,-0.7602900465766596,2.5291732859888683,1,3,1
0.698217242206695,-0.3332626638551229,0.28009904930476964,0,2,5
-1.0248305175575654,-0.6711304831512838,-0.9410352607263051,1,0,0
-0.8333807664726476,-0.18139278548462634,-0.6785825134957457,1,0,0
0.12386798895194154,1.5314093540028557,0.14522749864462106,0,1,2
1.0811167443765306,-0.5525354657720758,-0.2739678615153001,0,2,5
-1.599179770812319,-0.2274656699341028,-0.31770998605372663,1,0,0
-1.312005144184942,-0.5683196947038408,1.1622318941630385,1,3,1
-0.25903151321789414,-0.48086653440622346,-0.6056789725983681,0,0,0
-0.25903151321789414,-0.5781315126884515,0.9690375107849879,0,3,1
0.698217242206695,-0.5286458219834583,-0.7332601691687789,0,2,5
-0.7376558909301887,0.34119317239138003,0.08690466592671899,1,0,0
-1.0248305175575654,-0.5734389040871161,-0.41612976626518644,0,0,0
-1.2162802686424832,0.5736905985484604,0.24000210181121195,1,0,0
0.028143113409482626,-0.20314942536354577,-0.7697119396174678,1,0,5
-0.45048126430281193,-0.551255663426257,-0.7842926477969433,0,0,0
-0.1633066376754352,-0.5226734110363039,-0.2520967992460868,0,0,0
0.21959286449440046,-0.5781315126884515,1.4684267659320245,0,3,1
-0.35475638876035304,-0.49750396490186777,-0.44893635966900636,0,0,0
-0.06758176213297629,0.09760412590387013,1.421039464348729,0,3,1
-0.1633066376754352,-0.5427236477874651,-0.2849033926499067,0,0,0
-0.1633066376754352,0.5310305203545007,-0.7077439298546968,1,0,5
-1.0248305175575654,-0.39725278114606244,0.09784019706132563,1,0,0
-0.8333807664726476,-0.5422970470055254,0.48058378677255803,0,3,1
-0.5462061398452709,-0.2300252746257404,1.0054892812336766,0,3,1
-0.35475638876035304,-0.5781315126884515,-0.7514860543931233,0,0,0
-0.25903151321789414,2.4609724578492376,0.10877572819593227,0,1,2
-0.45048126430281193,-0.5350448337125523,0.15616302977922772,1,0,5
0.698217242206695,3.3495818866294185,0.633681222657051,0,1,2
0.12386798895194154,-0.6587590604750354,-0.08806383222698723,0,0,0
-1.0248305175575654,-0.4812931351881631,-0.9045834902776163,0,0,0
1.4640162465463664,-0.2436764996478075,-0.44529118262413747,0,2,5
-0.7376558909301887,1.4652862328022183,-0.489033307162564,0,1,2
1.7511908731737431,-0.287616380187586,0.5680680358494111,0,2,5
-0.6419310153877298,-0.577704911906512,0.7721979503620684,1,3,1
-0.8333807664726476,-0.5303522251112167,-0.5582916710150727,1,0,0
-1.0248305175575654,-0.5256596165098811,-0.7478408773482544,0,0,0
0.8896669932916128,-0.29444199269861954,-0.12087042563080716,0,2,5
-1.0248305175575654,-0.577704911906512,-0.6968083987200901,0,0,0
-0.06758176213297629,0.6560245494628026,-0.7113891068995657,1,0,5
0.8896669932916128,-0.5764251095606931,-0.17554808130384034,0,2,5
-1.1205553931000243,-0.2121080417842773,-0.13545113381028268,0,0,0
-0.5462061398452709,1.6845590347191712,0.25093763294581856,0,1,2
-1.0248305175575654,-0.029522907114129783,0.9945537500990701,0,3,1
0.698217242206695,-0.5836773228536664,-0.915519021412223,0,2,5
-0.45048126430281193,-0.7585836434489012,-0.6020337955534992,0,0,0
-0.35475638876035304,-0.13020069165187467,1.147651185983563,1,3,1
0.698217242206695,-0.20912183631070014,-0.7040987528098279,0,2,5
0.028143113409482626,-0.5781315126884515,-0.5983886185086305,0,0,0
-0.35475638876035304,-0.577704911906512,0.45142237041360694,0,3,1
1.942640624258661,1.3966035069099432,-0.3286455171883333,0,2,5
0.9853918688340717,-0.4514310804523913,0.5243259113109846,1,2,5
1.5597411220888253,-0.04999974464723044,0.010355947984472516,0,2,5
-0.6419310153877298,-0.32814345447184773,-0.17190290425897148,0,0,0
-0.35475638876035304,-0.0990588345702841,-0.4853881301176951,0,0,0
-1.6949046463547779,-0.142572114328123,-0.700453575764959,1,0,0
-0.9291056420151065,-0.5768517103426328,-0.853551011649452,0,0,0
-0.9291056420151065,-0.30894641928456584,-0.08441865518211836,0,0,0
-0.9291056420151065,-0.39341337410860605,4.493923713173194,1,4,3
1.846915748716202,-0.11398986193817,-0.44529118262413747,0,2,5
0.8896669932916128,-0.39341337410860605,-0.8170992412007632,0,2,5
-0.8333807664726476,-0.228318871497982,1.7017180968036327,0,3,1
1.5597411220888253,0.10101693215938691,-0.7040987528098279,0,2,5
-0.9291056420151065,-0.010325871926847915,0.09419502001645676,0,0,0
-1.0248305175575654,-0.3016942059915927,0.057743249567767954,1,0,0
-0.06758176213297629,0.19785530965967543,0.4623579015482136,0,3,1
-1.312005144184942,-0.6719836847151629,-0.4853881301176951,0,0,0
-0.5462061398452709,-0.5747187064329348,-0.7879378248418122,0,0,0
0.41104261557931826,-0.5290724227653979,-0.5947434414637616,0,2,0
2.4212650019709554,-0.1310538932157539,2.5510443482580816,0,4,3
-0.9291056420151065,-0.5640536868844449,-0.38696834990623535,0,0,0
-0.5462061398452709,0.19401590262221907,-0.7514860543931233,1,0,5
1.5597411220888253,0.07072827664167552,-0.6166145037329748,0,2,5
-1.2162802686424832,-0.5781315126884515,-0.26667750742556234,1,0,0
1.7511908731737431,1.6888250425385671,-0.25938715333582457,0,2,2
-0.8333807664726476,1.50581330708648,0.4696482556379514,0,1,2
-1.1205553931000243,-0.33411586541900207,0.15616302977922772,1,0,0
1.7511908731737431,-0.5781315126884515,-0.671292159406008,0,2,5
-0.5462061398452709,-0.51627439930721,1.9240738965406343,1,3,1
-0.9291056420151065,-0.37933554830459937,-0.39061352695110424,0,0,0
-0.35475638876035304,-0.171154366718076,0.47693860972768914,0,3,1
-0.1633066376754352,-0.36440452093671344,0.06503360365750571,0,0,0
-1.312005144184942,-0.27823116298491485,1.1622318941630385,1,3,1
-0.5462061398452709,-0.5593610782831093,0.14158232159975218,1,0,5
1.2725664954614484,-0.24495630199362628,-0.6129693266881059,0,2,5
1.7511908731737431,-0.5781315126884515,-0.08806383222698723,0,2,5
-1.1205553931000243,-0.38573456003369333,0.6555522849262643,0,3,1
0.028143113409482626,-0.6651580722041294,-0.8353251264251076,0,0,0
0.12386798895194154,-0.5781315126884515,-0.7296149921239101,0,0,0
1.6554659976312842,-0.3968261803641228,-0.6239048578227125,0,2,5
1.5597411220888253,-0.5683196947038408,-0.8972931361878785,0,2,5
0.698217242206695,-8.745316029758635e-05,-0.49996883829717065,0,2,5
0.028143113409482626,-0.1429987151100626,2.2266235912647514,1,3,1
0.8896669932916128,1.2878203075153458,-0.3942587039959731,0,1,2
-1.8863543974396957,-0.42412863040825705,0.2108406854522609,1,0,0
0.21959286449440046,-0.45399068514402885,-0.4416460055792686,0,0,0
0.7939421177491539,-0.45868329374536443,-0.397903881040842,0,2,5
-0.6419310153877298,-0.3029740083374115,0.5425517965353289,0,3,1
-0.8333807664726476,0.4789852249578699,0.45142237041360694,1,3,0
1.5597411220888253,-0.5781315126884515,-0.609324149643237,0,2,5
-0.7376558909301887,1.6133167041352585,-0.5400657857907283,1,1,2
-0.7376558909301887,-0.1856587933040223,-0.7770022937072055,1,0,0
0.8896669932916128,-0.040614527444559304,-0.3614521105921532,0,2,5
1.7511908731737431,-0.5388842407500086,-0.4817429530728263,0,2,5
-0.8333807664726476,-0.5922093384924583,-0.13545113381028268,0,0,0
-0.45048126430281193,0.26696463633389017,-0.8134540641558943,0,0,0
-0.9291056420151065,0.9802411437368964,-0.06983794700264284,0,1,2
-1.2162802686424832,-0.013738678182364692,0.32748635088806505,1,0,0
-1.312005144184942,-0.4987837672476865,-0.4926784842074329,0,0,0
-0.8333807664726476,-0.5619206829747468,1.723589159072846,0,3,1
0.41104261557931826,0.051957842236333256,0.3056152886188518,0,2,1
0.31531774003685936,-0.7112309566536058,-0.9082286673224852,0,0,0
1.5597411220888253,4.3252178749252765,-0.26667750742556234,0,5,4
-0.45048126430281193,-0.10503124551743846,0.20719550840739204,0,0,1
1.6554659976312842,-0.5772783111245724,-0.37603281877162875,1,2,5
0.12386798895194154,-0.5781315126884515,-0.22658055993200465,0,0,0
1.846915748716202,-0.4706281156396731,-0.5400657857907283,0,2,5
-0.6419310153877298,0.20980013155398416,0.9909085730542012,0,3,1
1.5597411220888253,10.9695250536345,-0.35416175650241544,0,5,4
1.6554659976312842,0.5758236024581584,-0.489033307162564,0,2,5
-1.7906295218972368,-0.3439276834036128,-0.42706529739979304,1,0,0
1.6554659976312842,-0.25220851528659943,-0.19012878948331588,0,2,5
1.1768416199189895,-0.01544508131012308,0.5680680358494111,0,2,5
-0.5462061398452709,-0.5781315126884515,-0.6603566282714014,0,0,0
-0.7376558909301887,-0.5781315126884515,4.289793798660537,0,4,3
-1.407730019727401,-0.5815443189439684,0.47693860972768914,1,3,0
1.846915748716202,-0.5401640430958274,-0.41977494331005527,0,2,5
-1.7906295218972368,-0.5580812759372905,-0.7369053462136478,1,0,0
-1.1205553931000243,-0.48086653440622346,-0.9446804377711739,0,0,0
1.7511908731737431,-0.4911049531727738,0.054098072522899075,0,2,5
1.5597411220888253,-0.5090221860142369,-0.35416175650241544,0,2,5
-0.8333807664726476,1.7741451989264865,0.1743889150035721,1,1,2
-0.9291056420151065,-0.37805574595878055,-0.5838079103291549,1,0,0
-1.1205553931000243,-0.20613563083712297,-0.1500318419897582,1,0,0
0.12386798895194154,-0.24452970121168668,0.050452895478030196,0,0,0
-0.06758176213297629,0.6184836806521181,-0.3578069335472843,0,0,0
-0.1633066376754352,-0.19675041363445184,0.8013593667210194,0,3,1
-1.0248305175575654,-0.5013433719393241,-0.24845162220121794,1,0,0
0.5067674911217772,0.030627803139353402,-0.8717768968737963,0,2,0
1.6554659976312842,-0.5781315126884515,-0.9701966770852561,0,2,5
-0.5462061398452709,-0.3392350748022772,-0.7770022937072055,0,0,0
-1.2162802686424832,0.088218908701199,1.4137491102589912,1,3,1
0.698217242206695,-0.5239532133821228,0.9216502092016925,0,3,1
0.8896669932916128,-0.21936025507725046,-0.7915830018866811,0,2,5
0.698217242206695,-0.4535640843620892,-0.39061352695110424,0,2,5
0.41104261557931826,-0.6561994557833979,0.45142237041360694,1,2,5
-0.5462061398452709,-0.08967361736761296,-0.6895180446303524,0,0,0
0.5067674911217772,-0.48342613909786103,-0.7296149921239101,0,2,0
-0.25903151321789414,-0.4872655461353174,-0.004224760195003002,0,0,0
-1.0248305175575654,-0.17542037453747197,-0.07348312404751171,0,0,0
1.4640162465463664,-0.43564685152062615,-0.5254850776112528,0,2,5
-1.2162802686424832,-0.5781315126884515,0.39674471474057377,1,3,0
1.5597411220888253,-0.564906888448324,-0.0406765306436918,0,2,5
1.7511908731737431,-0.428394638227653,2.8864006363860186,1,4,3
-1.1205553931000243,-0.3708035326658074,-0.642130743047057,1,0,0
-0.06758176213297629,5.2530745756439,-0.4853881301176951,0,5,4
0.028143113409482626,-0.5781315126884515,-0.11722524858593827,1,0,5
0.5067674911217772,-0.5196872055627267,-0.09170900927185612,0,2,0
-0.35475638876035304,-0.5742921056509952,0.7758431274069373,1,3,5
0.8896669932916128,0.831357470839977,2.6895610759630992,0,4,3
-1.2162802686424832,-0.5026231742851429,-0.4416460055792686,1,0,0
1.846915748716202,-0.544856651697163,-0.5765175562394171,0,2,5
-0.35475638876035304,-0.48086653440622346,5.35418549576225,1,4,3
1.942640624258661,1.9882987914601642,1.453846057752549,0,1,2
-0.5462061398452709,-0.4744675226771295,-0.8389703034699765,0,0,0
-0.25903151321789414,-0.6617452659486126,-0.7697119396174678,1,0,5
0.12386798895194154,-0.5111551899239348,1.3809425168551712,0,3,1
-1.1205553931000243,-0.39170697098084767,0.8487466683043149,1,3,1
-0.06758176213297629,-0.28207057002237124,-0.6348403889573192,0,0,0
-0.5462061398452709,-0.39810598270994163,-0.7223246380341724,0,0,0
-0.6419310153877298,-0.20442922770936456,-0.45987189080361296,1,0,0
-0.6419310153877298,-0.5695994970496596,-0.9519707918609117,0,0,0
-0.6419310153877298,-0.714217162127183,-0.49996883829717065,0,0,0
-1.407730019727401,1.604358087714527,-0.09170900927185612,0,1,2
1.3682913710039073,0.525484710189286,0.20719550840739204,0,2,5
1.4640162465463664,-0.4309542429192906,1.2169095498360718,0,2,5
-0.9291056420151065,-0.39725278114606244,-0.6494210971367947,1,0,0
0.698217242206695,-0.3959729788002436,-0.2557419762909557,0,2,5
0.12386798895194154,-0.7581570426669615,-0.8754220739186652,0,0,0
-0.9291056420151065,2.087270172870151,-0.42706529739979304,1,1,2
-1.1205553931000243,1.217857779277252,-0.5546464939702038,1,1,2
0.5067674911217772,-0.5371778376222502,-0.4380008285343997,0,2,0
-1.312005144184942,-0.23898389104647194,-0.6202596807778437,1,0,0
-0.6419310153877298,0.3650828161799975,-0.44529118262413747,0,0,0
-0.9291056420151065,0.3194365325124606,0.6701329931057397,1,3,0
1.0811167443765306,-0.40962420382231074,0.43684166223413146,0,2,5
1.0811167443765306,-0.48001333284234426,-0.26667750742556234,0,2,5
-0.6419310153877298,-0.5333384305847939,-0.4562267137587441,1,0,0
0.6024923666642361,-0.6101265713339213,-0.7806474707520744,0,2,0
-0.06758176213297629,-0.5781315126884515,-0.15732219607949596,1,0,5
0.31531774003685936,0.694845220619306,1.8183637622394369,0,3,1
0.8896669932916128,-0.09607262909670693,-0.5546464939702038,0,2,5
0.31531774003685936,0.13813120018813185,1.6288145559062552,1,3,5
1.5597411220888253,-0.5781315126884515,-0.30312927787425115,0,2,5
-1.1205553931000243,-0.4463118710691161,0.7284558258236419,1,3,0
1.4640162465463664,-0.42498183197213624,-0.186483612438447,0,2,5
-0.8333807664726476,0.04641203207111849,-0.2849033926499067,0,0,0
-0.8333807664726476,-0.08839381502179418,-0.547356139880466,0,0,0
-1.0248305175575654,-0.338381873238398,-0.489033307162564,0,0,0
-0.8333807664726476,-0.5213936086904851,-0.3650972876370221,1,0,0
0.7939421177491539,0.23923558550781635,0.035872187298554674,0,2,5
-0.1633066376754352,-0.1540903354404921,-0.1828384353935781,0,0,0
-0.45048126430281193,-0.3166252333594786,-0.6749373364508768,1,0,5
0.7939421177491539,-0.5060359805406597,-0.6895180446303524,0,2,5
1.2725664954614484,0.3949448709157693,-0.41248458922031755,0,2,5
1.7511908731737431,1.856052549058889,0.7284558258236419,0,1,2
-1.0248305175575654,-0.016298282874002274,0.45142237041360694,0,3,1
-0.6419310153877298,-0.5030497750670825,-0.7040987528098279,0,0,0
0.028143113409482626,1.420066549916621,-0.8790672509635341,1,1,5
-1.5034548952698599,6.620330081760309,-0.5619368480599416,1,5,4
-0.9291056420151065,-0.6715570839332233,-0.7478408773482544,1,0,0
-0.25903151321789414,-0.5064625813225992,-0.21564502879739803,0,0,0
2.1340903753435785,-0.3759227420490826,0.5534873276699356,0,2,5
-0.7376558909301887,-0.661318665166673,-0.9556159689057806,0,0,0
-0.06758176213297629,-0.5781315126884515,0.9909085730542012,0,3,1
3.4742386329380035,-0.5781315126884515,2.0990423946943406,0,2,3
1.2725664954614484,1.3428518083855538,-0.37603281877162875,0,2,2
-0.35475638876035304,-0.5781315126884515,-0.30677445491912003,0,0,0
-0.1633066376754352,-0.13318689712545187,-0.277613038560169,1,0,5
-0.35475638876035304,0.8245318583289435,-0.5364206087458594,0,0,2
-0.5462061398452709,-0.5196872055627267,-0.9701966770852561,0,0,0
1.7511908731737431,-0.5781315126884515,1.6433952640857306,0,2,3
-0.1633066376754352,-0.8916830874140554,-0.46351706784848185,0,0,0
1.2725664954614484,0.37105522712715183,-0.7223246380341724,0,2,5
0.31531774003685936,-0.4458852702871765,-0.25938715333582457,0,2,0
0.9853918688340717,0.3151705246930646,0.6810685242403464,0,2,5
0.31531774003685936,4.066697801069881,-0.3942587039959731,0,5,4
-1.2162802686424832,-0.24751590668526388,1.209619195746334,1,3,1
1.5597411220888253,0.10528293997878288,0.2472924559009497,0,2,5
-1.0248305175575654,-0.42327542884437785,-0.3650972876370221,1,0,0
0.21959286449440046,-0.49622416255604895,-0.24845162220121794,0,0,0
-0.45048126430281193,1.3151227575594802,0.6373263997019198,0,1,2
1.1768416199189895,-0.16006274638764648,0.29467975748424513,0,2,5
1.942640624258661,-0.15281053309467332,-0.6020337955534992,0,2,5
0.12386798895194154,1.7954752380234664,1.0528765828169722,0,1,2
0.41104261557931826,-0.4736143211132503,-0.5291302546561217,0,2,0
1.3682913710039073,0.5643053813457893,-0.4380008285343997,0,2,5
-1.0248305175575654,0.41371530532111156,-0.004224760195003002,1,0,0
-1.407730019727401,1.782250613783339,1.1330704778040874,1,1,2
0.21959286449440046,4.229232698988867,-0.6530662741816636,1,5,4
0.028143113409482626,-0.5781315126884515,-0.4744525989830885,0,0,0
-0.35475638876035304,1.468699039057735,-0.41977494331005527,0,1,2
-0.25903151321789414,-0.48385273987980065,-0.700453575764959,1,0,5
-0.5462061398452709,0.5660117844735477,-0.41977494331005527,0,0,0
0.028143113409482626,-0.518407403216908,-0.7514860543931233,0,0,0
-1.6949046463547779,-0.26415333718090817,-0.5546464939702038,1,0,0
-0.9291056420151065,-0.4339404483928678,-0.42342012035492416,0,0,0
-0.6419310153877298,0.2029745190429506,-0.24845162220121794,0,0,0
-0.1633066376754352,-0.5781315126884515,-0.6931632216752213,1,0,5
1.2725664954614484,-0.5781315126884515,-0.4015490580857109,0,2,5
0.028143113409482626,-0.4339404483928678,-0.671292159406008,0,0,0
-1.1205553931000243,-0.6608920643847334,-0.5254850776112528,1,0,0
1.2725664954614484,0.3629498122702995,-0.609324149643237,0,2,5
-0.5462061398452709,-0.46636210782027715,-0.6384855660021881,0,0,0
-0.35475638876035304,-0.7044053441425723,-0.6931632216752213,1,0,5
1.5597411220888253,-0.49494436021023014,-0.3140648090088578,0,2,5
-0.06758176213297629,-0.24922230981302226,-0.3578069335472843,0,0,0
-0.06758176213297629,-0.9360495687357735,2.722367669366919,0,4,3
-1.407730019727401,-0.2931621903528008,1.1111994155348741,1,3,1
-0.9291056420151065,-0.20528242927324378,-0.2958389237845134,1,0,0
-1.2162802686424832,-0.5781315126884515,0.23271174772147418,0,0,1
1.1768416199189895,0.5229251054976484,-0.6275500348675814,0,2,5
0.028143113409482626,0.07712728837076947,-0.7915830018866811,0,0,0
-0.45048126430281193,-0.373363137357445,-0.21199985175252914,0,0,0
1.2725664954614484,0.05323764458215204,-0.5947434414637616,0,2,5
-0.7376558909301887,-0.4659355070383376,-0.5546464939702038,0,0,0
-0.6419310153877298,-0.5606408806289281,-0.8644865427840587,0,0,0
-0.1633066376754352,-0.5111551899239348,-0.6275500348675814,0,0,0
-1.2162802686424832,-0.5721591017412972,-0.2557419762909557,1,0,0
1.5597411220888253,-0.45783009218148524,-0.03703135359882292,0,2,5
-0.8333807664726476,-0.5350448337125523,-0.2921937467396445,0,0,0
-1.1205553931000243,-0.5695994970496596,0.5352614424455912,0,3,1
-0.8333807664726476,0.5037280703103665,2.5036570466747863,1,3,1
1.1768416199189895,-0.5764251095606931,-0.9191641984570919,0,2,5
-0.45048126430281193,-0.5256596165098811,-0.9556159689057806,0,0,0
-1.407730019727401,-0.3737897381393846,-0.5036140153420395,0,0,0
0.9853918688340717,0.025508593756078238,-0.4380008285343997,0,2,5
-1.6949046463547779,3.1021534331044522,0.035872187298554674,1,1,2
1.2725664954614484,-0.5107285891419953,-0.26667750742556234,0,2,5
1.7511908731737431,1.1026755681535607,-0.8134540641558943,0,2,5
0.7939421177491539,-0.35501930373404234,-0.4343556514895308,0,2,5
-1.407730019727401,-0.551255663426257,-0.7113891068995657,1,0,0
1.1768416199189895,-0.5789847142523308,-0.46351706784848185,0,2,5
-0.5462061398452709,-0.6886211152108073,0.40038989178544265,0,3,1
0.8896669932916128,2.54330640876358,-0.3614521105921532,0,1,2
-0.45048126430281193,-0.1698745643722572,-0.2375160910666113,0,0,0
-1.0248305175575654,-0.6203649901004716,-0.46351706784848185,0,0,0
-1.0248305175575654,-0.16219575029734445,-0.05525723882316732,0,0,0
-0.45048126430281193,3.2693809396247744,2.481785984405573,1,1,2
1.2725664954614484,-0.4458852702871765,0.9289405632914303,0,2,5
-0.45048126430281193,-0.44716507263299526,0.25458280999068744,0,0,1
1.0811167443765306,-0.22575926680634442,0.7175202946890352,0,2,5
-0.7376558909301887,2.279667125524909,0.5607776817596734,0,1,2
1.7511908731737431,-0.2295986738438008,0.11971125933053892,0,2,5
-0.35475638876035304,1.3693010568658088,0.3566477672470161,0,1,2
1.6554659976312842,-0.14598492058363977,-0.2375160910666113,0,2,5
-1.312005144184942,2.161072108145701,-0.4525815367138752,1,1,2
-0.1633066376754352,-0.8084959349358339,-0.882712428008403,0,0,0
-0.35475638876035304,4.243737125574814,0.8341659601248393,0,5,4
-0.9291056420151065,-0.19547061128863302,-0.8936479591430097,0,0,0
1.2725664954614484,2.7766570364845395,-0.45987189080361296,0,1,2
0.9853918688340717,0.5574797688347558,-0.44893635966900636,0,2,5
0.7939421177491539,-0.4074911999126128,-0.4380008285343997,0,2,5
-2.0778041485246135,-0.534191632148673,-0.609324149643237,1,0,0
0.9853918688340717,-0.5376044384041898,3.7831141894237628,0,4,3
0.41104261557931826,-0.4748941234590691,1.1512963630284319,0,3,1
1.7511908731737431,-0.5602142798469885,-0.8426154805148454,0,2,5
1.5597411220888253,0.04854503598081648,0.3384218820226717,0,2,5
-1.1205553931000243,-0.40578479678485435,0.5170355572212468,1,3,0
0.028143113409482626,-0.5764251095606931,-0.7186794609893035,0,0,0
-0.1633066376754352,-0.5286458219834583,-0.700453575764959,0,0,0
1.6554659976312842,-0.5683196947038408,-0.6567114512265325,0,2,5
-0.7376558909301887,2.3671202858225264,-0.5728723791945483,0,1,2
-0.45048126430281193,-0.5521088649901361,0.6591974619711332,0,3,1
-1.312005144184942,-0.6412684284155119,-0.4562267137587441,1,0,0
-0.5462061398452709,-0.23983709261035113,-0.6020337955534992,0,0,0
0.5067674911217772,-0.45228428201627047,-0.4744525989830885,1,2,5
-0.8333807664726476,1.6069176924061646,-0.8754220739186652,0,1,2
0.12386798895194154,-0.3716567342296866,-0.46351706784848185,0,0,0
-0.35475638876035304,-0.31875823726917657,0.39674471474057377,1,3,5
1.3682913710039073,-0.37933554830459937,0.057743249567767954,0,2,5
0.5067674911217772,-0.3443542841855524,3.3165315276805463,0,4,3
1.6554659976312842,-0.24495630199362628,-0.7186794609893035,0,2,5
1.0811167443765306,-0.5094487867961764,0.010355947984472516,0,2,5
0.41104261557931826,0.17140606117942042,2.693206253007968,1,4,3
0.41104261557931826,0.4533891780414941,-0.5510013169253349,0,2,0
1.6554659976312842,-0.09095341971343175,-0.6895180446303524,0,2,5
0.12386798895194154,-0.06407757045123715,0.3821640065610983,0,3,1
-0.8333807664726476,0.9644569148051313,-0.38696834990623535,1,1,0
0.028143113409482626,-0.5572280743734114,0.14887267568948995,0,0,0
-1.1205553931000243,-0.22490606524246523,-0.2047094976627914,1,0,0
-1.0248305175575654,-0.7816200856736394,4.595988670429523,1,4,3
-1.407730019727401,-0.3844547576878745,-0.8863576050532719,0,0,0
-0.45048126430281193,-0.07943519860106264,-0.37603281877162875,0,0,0
-0.25903151321789414,-0.29273558957086115,-0.5181947235215151,0,0,0
-0.7376558909301887,-0.5734389040871161,-0.609324149643237,0,0,0
0.9853918688340717,-0.01715148443788147,0.11606608228567003,0,2,5
1.7511908731737431,0.030627803139353402,-0.4780977760279574,0,2,5
-0.25903151321789414,0.007591360914615161,-0.5546464939702038,1,0,5
-0.6419310153877298,-0.377629145176841,-0.19741914357305362,0,0,0
1.5597411220888253,2.0514357071872245,-0.4015490580857109,0,1,2
0.41104261557931826,0.6701023752668094,0.7685527733171995,0,3,1
0.9853918688340717,-0.5704526986135389,0.3347767049778028,0,2,5
-0.1633066376754352,-0.04829334151947205,0.11606608228567003,1,0,5
0.41104261557931826,1.4038557202029163,-0.5582916710150727,0,1,2
1.3682913710039073,0.5945940368635007,-0.7770022937072055,0,2,5
0.31531774003685936,0.02934800079353461,-0.2557419762909557,1,2,5
-0.1633066376754352,-0.338381873238398,0.11606608228567003,0,0,0
-0.9291056420151065,0.16841985570584325,-0.6603566282714014,0,0,0
-1.0248305175575654,2.1926405660092314,-0.7040987528098279,1,1,2
0.028143113409482626,-0.4121838085139483,-0.5254850776112528,0,0,0
-0.06758176213297629,-0.3046804114651699,-0.41977494331005527,1,0,5
-0.6419310153877298,0.13258539002291708,-0.8790672509635341,0,0,0
0.028143113409482626,-0.5051827789767804,-0.22658055993200465,0,0,0
-0.6419310153877298,-0.3144922294497806,-0.5546464939702038,1,0,0
1.3682913710039073,-0.20912183631070014,-0.6384855660021881,0,2,5
-0.8333807664726476,-0.5781315126884515,-0.40883941217544867,0,0,0
0.698217242206695,1.3053109395748694,2.7734001479950834,0,4,3
-0.1633066376754352,-0.2701257481280625,-0.4744525989830885,0,0,0
0.12386798895194154,3.2651149318053783,-0.49632366125230176,0,1,2
0.8896669932916128,-0.8204407568301427,2.146429696277636,0,4,3
-0.25903151321789414,-0.5589344775011698,-0.5327754317009906,0,0,0
-1.312005144184942,-0.540590643877767,-0.46716224489335073,1,0,0
-1.0248305175575654,0.19316270105833988,-0.6858728675854835,0,0,0
1.0811167443765306,0.7712067605864938,-0.7842926477969433,0,2,5
0.5067674911217772,-0.6702772815874045,0.48422896381742686,0,2,1
-0.7376558909301887,-0.9996130852447734,-0.6858728675854835,0,0,0
1.7511908731737431,-0.07772879547330425,-0.7077439298546968,0,2,5
-1.1205553931000243,0.03830661721426615,0.20719550840739204,1,0,0
0.7939421177491539,-0.3443542841855524,-0.5692272021496794,1,2,5
-0.5462061398452709,-0.47105471642161273,-0.521839900566384,0,0,0
-0.5462061398452709,-0.5781315126884515,1.45020088070768,1,3,1
1.4640162465463664,-0.4475916734149349,-0.21564502879739803,0,2,5
-0.35475638876035304,-0.5781315126884515,-0.5692272021496794,0,0,0
0.7939421177491539,0.7093496472052523,-0.6494210971367947,1,2,5
0.31531774003685936,2.678965457420372,1.632459732951124,0,1,2
0.6024923666642361,-0.0999120361341633,0.6664878160608708,0,2,1
-0.45048126430281193,-0.5602142798469885,-0.6166145037329748,0,0,0
0.41104261557931826,-0.7739412715987266,0.8633273764837904,0,3,1
0.9853918688340717,-0.46721530938415634,-0.489033307162564,0,2,5
1.846915748716202,-0.5546684696817737,-0.23387091402174243,0,2,5
0.31531774003685936,0.49818226014515177,3.5170162651483348,0,4,3
1.0811167443765306,-0.0069130656713311395,0.2618731640804252,0,2,5
-1.5034548952698599,-0.6105531721158609,-0.10993489449620052,0,0,0
2.804164504140791,-0.08156820251076062,0.2436472788560808,0,2,5
0.028143113409482626,0.04427902816142051,-0.6895180446303524,0,0,0
-0.9291056420151065,-0.5781315126884515,-0.46351706784848185,0,0,0
2.89988937968325,-0.4147434132055859,0.20355033136252315,0,2,5
0.6024923666642361,0.27080404337134656,-0.5947434414637616,0,2,5
-0.7376558909301887,0.08651250557344062,-0.6348403889573192,1,0,0
-0.6419310153877298,0.5860620212247087,2.456269745091491,1,3,1
-1.407730019727401,-0.4889719492630758,0.1743889150035721,1,0,0
0.7939421177491539,0.20809372842622578,-0.007869937239871881,0,2,5
0.9853918688340717,-0.36483112171865306,-0.8936479591430097,0,2,5
-0.06758176213297629,0.2034011198248902,-0.21199985175252914,0,0,0
-0.6419310153877298,-0.5781315126884515,-0.2849033926499067,0,0,0
-0.25903151321789414,-0.7782072794181226,-0.22658055993200465,0,0,0
-1.0248305175575654,1.0467908657194736,-0.40883941217544867,1,1,2
-0.7376558909301887,-0.4885453484811362,-0.2557419762909557,0,0,0
-1.0248305175575654,2.2455390629697414,-0.11722524858593827,1,1,2
-0.25903151321789414,0.8014954161042053,1.1184897696246119,0,3,1
0.12386798895194154,-0.577704911906512,-0.7733571166623366,0,0,0
0.028143113409482626,-0.540590643877767,-0.6056789725983681,0,0,0
1.2725664954614484,-0.19632381285251221,0.23271174772147418,0,2,5
-1.2162802686424832,-0.4121838085139483,-0.9337449066365673,1,0,0
0.21959286449440046,0.7272668800467154,-0.06619276995777396,0,1,2
1.4640162465463664,0.2912808809044472,0.48787414086229575,0,2,5
-0.6419310153877298,-0.3435010826216732,1.2023288416565963,0,3,1
-1.0248305175575654,-0.20400262692742496,-0.2520967992460868,0,0,0
0.698217242206695,0.13770459940619226,-0.02974099950908516,0,2,5
-0.8333807664726476,-0.08327460563851902,0.6519071078813954,1,3,0
1.1768416199189895,1.189275526887299,-0.25938715333582457,0,2,2
-0.35475638876035304,-0.3208912411788746,1.8292992933740435,0,3,1
-0.8333807664726476,0.1330119908048567,-0.39061352695110424,0,0,0
0.12386798895194154,-0.5823975205078475,0.07232395774724347,0,0,0
-0.9291056420151065,-0.571305900177418,0.4222609540546559,1,3,0
1.5597411220888253,0.8855357701463059,-0.7223246380341724,0,2,5
1.0811167443765306,-0.010325871926847915,-0.21199985175252914,0,2,5
-0.6419310153877298,-0.5781315126884515,-0.02974099950908516,0,0,0
0.9853918688340717,-0.5610674814108677,-0.700453575764959,0,2,5
0.5067674911217772,-0.5930625400563375,0.11971125933053892,0,2,0
1.3682913710039073,-0.5683196947038408,-0.5400657857907283,0,2,5
0.8896669932916128,-0.5009167711573845,1.1950384875668585,0,3,1
-0.1633066376754352,-0.564906888448324,-0.7660667625725989,0,0,0
-0.06758176213297629,0.15946123928511172,-0.6785825134957457,0,0,0
-1.1205553931000243,-0.6229245947921093,-0.9701966770852561,1,0,0
0.698217242206695,2.2429794582781035,-0.40883941217544867,0,1,2
-1.1205553931000243,-0.35032669513270676,0.40403506883031154,1,3,0
-0.6419310153877298,-0.7125107589994246,-0.7842926477969433,0,0,0
0.6024923666642361,-0.44161926246778055,-0.24845162220121794,0,2,5
-0.5462061398452709,1.9635559461076677,-0.2047094976627914,1,1,2
0.8896669932916128,-0.47020151485773354,0.7430365340031173,0,2,1
-1.1205553931000243,-0.19077800268729747,5.073506863307346,1,4,3
-0.8333807664726476,-0.5457098532610422,-0.29948410082938226,0,0,0
-1.407730019727401,-0.5056093797587201,-0.5181947235215151,1,0,0
0.7939421177491539,-0.5137147946155725,-0.6348403889573192,1,2,5
-0.06758176213297629,-0.5632004853205657,0.17074373795870323,0,0,0
-0.5462061398452709,0.5557733657069973,1.811073408149699,1,3,1
0.21959286449440046,-0.46934831329385435,-0.3322906942332022,0,0,0
-0.1633066376754352,-0.5781315126884515,1.902202834271421,0,3,1
-0.6419310153877298,-0.5632004853205657,-0.7113891068995657,0,0,0
-0.9291056420151065,0.059636656311246,-0.40883941217544867,0,0,0
-0.5462061398452709,-0.5781315126884515,-0.6640018053162703,0,0,0
-1.1205553931000243,0.13557159549649428,-0.25938715333582457,1,0,0
-0.6419310153877298,0.024228791410259444,-0.41612976626518644,0,0,0
-0.45048126430281193,0.05409084614603124,-0.34322622536780883,1,0,5
0.698217242206695,-0.49323795708247176,-0.882712428008403,0,2,5
0.12386798895194154,-0.5499758610804382,-0.4817429530728263,0,0,0
-0.06758176213297629,-0.10887065255489484,1.41739428730386,0,3,1
-0.25903151321789414,-0.577704911906512,-0.4343556514895308,0,0,0
-1.2162802686424832,-0.38957396707114966,0.7393913569582484,1,3,1
-0.25903151321789414,3.208377027807412,0.032227010253685795,0,1,2
1.6554659976312842,-0.3661109240644719,-0.4853881301176951,0,2,5
-0.35475638876035304,0.26568483398807136,0.48422896381742686,0,3,1
-0.35475638876035304,-0.2731119536016397,-0.08806383222698723,1,0,5
-0.6419310153877298,-0.18352578939432432,1.5960079625024353,1,3,1
-0.7376558909301887,-0.7590102442308407,2.157365227412243,1,3,1
-1.8863543974396957,0.2336897753426016,-0.5983886185086305,1,0,0
1.1768416199189895,-0.03293571336964656,-0.35416175650241544,0,2,5
-0.06758176213297629,-0.5781315126884515,-0.8280347723353698,0,0,0
-0.1633066376754352,-0.13190709477963308,-0.580162733284286,0,0,0
0.21959286449440046,-0.14427851745588138,-0.05161206177829844,1,0,5
1.3682913710039073,-0.45697689061760605,-0.06983794700264284,0,2,5
-0.06758176213297629,-0.5363246360583711,-0.2849033926499067,0,0,0
-0.06758176213297629,-0.1993100183260894,-0.37238764172675987,1,0,5
-0.9291056420151065,-0.3298498575996061,-0.7770022937072055,0,0,0
1.942640624258661,-0.5457098532610422,-0.277613038560169,0,2,5
-0.8333807664726476,-0.49750396490186777,-0.6020337955534992,0,0,0
0.7939421177491539,0.29170748168638677,0.04316254138829243,0,2,5
-0.6419310153877298,-0.5900763345827603,1.1039090614451363,0,3,1
1.5597411220888253,1.8957264217792718,-0.6348403889573192,0,1,2
0.41104261557931826,-0.540590643877767,-0.4416460055792686,0,2,0
-1.312005144184942,2.9908106290182173,0.6810685242403464,1,1,2
0.7939421177491539,-0.4475916734149349,0.050452895478030196,0,2,5
-0.7376558909301887,-0.2573277246698746,-0.609324149643237,0,0,0
0.21959286449440046,-0.29358879113474035,-0.15732219607949596,0,0,0
-1.0248305175575654,2.338111432650634,-0.8790672509635341,1,1,2
0.31531774003685936,-0.38189515299623694,0.8013593667210194,0,3,1
-0.8333807664726476,-0.42455523119019667,-0.39061352695110424,1,0,0
0.12386798895194154,-0.5781315126884515,1.4028135791243845,1,3,5
-0.7376558909301887,-0.18352578939432432,2.233913945354489,0,3,1
2.89988937968325,-0.4275414366637738,-0.23022573697687354,0,2,5
-1.2162802686424832,0.3898256615324941,0.21813103954199867,1,0,0
-1.312005144184942,-0.5785581134703912,-0.7697119396174678,1,0,0
0.9853918688340717,-0.5781315126884515,1.0711024680413166,0,2,1
0.12386798895194154,-0.5781315126884515,-0.6895180446303524,0,0,0
-0.5462061398452709,-0.5781315126884515,-0.4380008285343997,0,0,0
1.846915748716202,-0.3575789084256799,3.30559599654594,0,4,3
-0.1633066376754352,-0.5781315126884515,-0.5947434414637616,0,0,0
-0.7376558909301887,-0.19675041363445184,0.8669725535286592,1,3,1
0.028143113409482626,-0.4318074444831698,-0.6640018053162703,0,0,0
1.4640162465463664,-0.24879570903108267,0.07232395774724347,0,2,5
-0.8333807664726476,-0.5781315126884515,-0.5400657857907283,1,0,0
0.9853918688340717,0.2780562566643197,2.733303200501526,0,4,3
1.0811167443765306,-0.5742921056509952,-0.8280347723353698,0,2,5
-0.6419310153877298,-0.40023898661963964,-0.4853881301176951,0,0,0
-0.1633066376754352,-0.3285700552537873,-0.8134540641558943,0,0,0
0.7939421177491539,1.9797667758213724,0.269163518170163,0,1,2
-0.35475638876035304,-0.5580812759372905,0.3748736524713605,0,3,1
-0.25903151321789414,-0.5337650313667335,1.2205547268809407,1,3,5
-0.35475638876035304,2.3944227358666605,-0.35051657945754655,0,1,2
1.6554659976312842,-0.39938578505576044,0.08690466592671899,0,2,5
0.41104261557931826,0.025508593756078238,0.14522749864462106,0,2,1
-1.1205553931000243,-0.40493159522097516,-0.5546464939702038,1,0,0
0.6024923666642361,-0.581970919725908,0.6774233471954775,0,2,1
1.0811167443765306,-0.24580950355750547,-0.8790672509635341,0,2,5
-0.6419310153877298,5.259046986591055,-0.5692272021496794,1,5,4
0.21959286449440046,-0.5316320274570355,-0.7551312314379922,1,0,5
-1.2162802686424832,-0.5401640430958274,-0.3614521105921532,1,0,0
-0.35475638876035304,-0.534191632148673,-0.43071047444466193,0,0,0
-0.7376558909301887,-0.41346361085976713,-0.06619276995777396,0,0,0
1.5597411220888253,-0.5060359805406597,-0.3322906942332022,0,2,5
-0.9291056420151065,-0.38104195143235775,-0.4525815367138752,1,0,0
-0.25903151321789414,-0.3661109240644719,-0.6676469823611391,0,0,0
-1.2162802686424832,-0.48257293753398184,-0.6348403889573192,1,0,0
0.31531774003685936,-0.5781315126884515,-0.6384855660021881,0,0,0
-0.5462061398452709,0.6965516237470644,-0.33593587127807106,1,0,5
-1.407730019727401,-0.5751453072148744,-0.30312927787425115,1,0,0
-1.407730019727401,-0.12422828070472032,-0.5765175562394171,1,0,0
1.5597411220888253,-0.4697749140757939,1.4757171200217623,1,2,5
0.7939421177491539,3.067172168985405,-0.26303233038069346,0,1,2
-0.1633066376754352,0.37148182790909146,-0.41248458922031755,0,0,0
-0.5462061398452709,-0.5781315126884515,-0.7186794609893035,0,0,0
-0.9291056420151065,-0.5371778376222502,1.114844592579743,1,3,1
-0.6419310153877298,-0.31961143883305576,-0.6348403889573192,0,0,0
-1.2162802686424832,-0.4190094210249819,-0.9519707918609117,0,0,0
1.4640162465463664,-0.3989591842738208,-0.7113891068995657,0,2,5
-0.5462061398452709,-0.16134254873346526,-0.7988733559764188,0,0,0
0.9853918688340717,0.6875930073263329,-0.6858728675854835,0,2,5
1.942640624258661,1.3876448904892116,-0.21564502879739803,0,2,5
0.8896669932916128,-0.3853079592517537,-0.3286455171883333,0,2,5
0.9853918688340717,-0.44716507263299526,-0.7514860543931233,0,2,5
-1.407730019727401,-0.4881187476991966,-0.37603281877162875,1,0,0
-1.5034548952698599,-0.5738655048690556,2.1354941651430295,0,3,1
-1.407730019727401,-0.4667887086022168,0.36393812133675385,1,0,0
-1.312005144184942,-0.5107285891419953,1.3809425168551712,1,3,1
0.698217242206695,0.7997890129764469,-0.23387091402174243,0,2,2
-0.6419310153877298,0.04641203207111849,0.28738940339450736,0,0,1
-1.2162802686424832,-0.5128615930516932,3.1087564361230204,1,4,1
0.31531774003685936,-0.46252270078282076,-0.6457759200919259,0,0,0
-1.2162802686424832,-0.47958673206040464,1.0820379991759232,1,3,1
-0.9291056420151065,-0.09436622596894853,-0.35416175650241544,0,0,0
2.804164504140791,6.176665268543128,-0.3614521105921532,0,5,4
-1.2162802686424832,-0.5039029766309617,-0.31770998605372663,1,0,0
0.31531774003685936,-0.4740409218951899,5.3359596105379055,1,4,3
-0.8333807664726476,-0.46166949921894157,-0.6348403889573192,0,0,0
0.8896669932916128,-0.31961143883305576,1.4647815888871556,0,3,1
0.5067674911217772,-1.1753726074038875,0.13793714455488332,0,2,0
-1.1205553931000243,-0.6216447924462905,-0.49996883829717065,0,0,0
-0.5462061398452709,-0.27353855438357927,-0.49632366125230176,1,0,5
0.6024923666642361,-0.5781315126884515,-0.0771283010923806,0,2,5
-1.407730019727401,-0.33710207089257926,1.1330704778040874,1,3,1
0.31531774003685936,1.809553063827473,-0.8900027820981408,0,1,2
-1.407730019727401,-0.034642116497404944,-0.2958389237845134,1,0,0
0.9853918688340717,0.20681392608040697,0.14887267568948995,0,2,5
-0.9291056420151065,-0.3123592255400826,-0.6384855660021881,0,0,0
-1.599179770812319,-0.5047561781948409,-0.7441957003033856,1,0,0
0.9853918688340717,0.778458973879467,0.4113254229200493,0,2,5
-1.2162802686424832,-0.5435768493513442,-0.41248458922031755,1,0,0
-0.25903151321789414,-0.5781315126884515,-0.882712428008403,0,0,0
1.2725664954614484,-0.3046804114651699,0.7321010028685107,0,2,5
-0.35475638876035304,-0.5781315126884515,-0.08806383222698723,0,0,0
0.12386798895194154,-0.0849810087662774,-0.853551011649452,0,0,0
1.1768416199189895,0.5510807571056618,-0.547356139880466,0,2,5
-0.45048126430281193,-0.19632381285251221,1.2788775595988426,0,3,1
0.698217242206695,-0.49409115864635095,-0.8170992412007632,0,2,5
-0.9291056420151065,-0.5358980352764314,-0.2849033926499067,0,0,0
1.5597411220888253,-0.3268636521260289,-0.17554808130384034,0,2,5
-0.25903151321789414,0.26653803555195055,-0.3468714024126777,0,0,0
-0.1633066376754352,0.08907211026507819,-0.7806474707520744,0,0,0
-1.312005144184942,-0.5435768493513442,-0.27032268447043123,1,0,0
-0.9291056420151065,0.44357736005688336,-0.19377396652818474,0,0,0
-0.06758176213297629,0.4363251467639102,-0.7514860543931233,1,0,5
2.7084396285983323,-0.37634934283102217,-0.580162733284286,0,2,5
-1.0248305175575654,0.18420408463760835,-0.700453575764959,0,0,0
0.6024923666642361,0.38001384354788337,0.21448586249712978,0,2,5
0.5067674911217772,-0.2577543254518142,-0.609324149643237,1,2,5
0.8896669932916128,0.39622467326158806,2.9775300625077405,0,4,3
0.41104261557931826,-0.8114821404094111,-0.20835467470766028,0,2,0
0.41104261557931826,-0.5781315126884515,-0.45987189080361296,0,2,0
0.5067674911217772,-0.16688835889868003,-0.35416175650241544,0,2,0
-0.5462061398452709,4.207902659891888,1.5595561920537464,0,5,4
0.7939421177491539,-0.1434253158920022,0.050452895478030196,0,2,5
1.5597411220888253,-0.5781315126884515,-0.7441957003033856,0,2,5
-0.8333807664726476,0.9320352553777219,-0.21199985175252914,0,1,2
3.6656883840229213,3.071864777586741,0.19990515431765427,0,5,4
1.7511908731737431,-0.49921036802962615,-0.34322622536780883,0,2,5
1.3682913710039073,-0.5781315126884515,-0.5546464939702038,0,2,5
0.698217242206695,-0.11228345881041162,-0.700453575764959,0,2,5
0.21959286449440046,0.7933900012473529,-0.15732219607949596,0,1,2
-0.45048126430281193,0.4273665303431787,-0.15732219607949596,0,0,0
1.0811167443765306,-0.9569530070508138,-0.49632366125230176,0,2,5
-0.5462061398452709,0.6291487002006081,-0.9082286673224852,1,0,5
3.2827888818530857,1.0305800360057689,-0.3140648090088578,0,2,5
-1.5034548952698599,-0.2539149184143578,-0.17554808130384034,1,0,0
-0.8333807664726476,-0.05853176028602238,-0.7332601691687789,1,0,0
-0.6419310153877298,-0.5333384305847939,-0.08077347813724947,0,0,0
0.12386798895194154,1.8274702966689362,0.5790035669840178,0,1,2
0.21959286449440046,-0.5158477985252704,-0.8061637100661565,1,0,5
-1.6949046463547779,3.1021534331044522,-0.37238764172675987,1,1,2
-0.9291056420151065,-0.41261040929588794,1.6725566804446816,0,3,1
-1.0248305175575654,-0.5346182329306127,1.2497161432398916,1,3,1
2.995614255225709,-0.23855729026453235,-0.3578069335472843,0,2,5
-0.6419310153877298,-0.7359738020061025,1.7381698672523216,0,3,1
-0.8333807664726476,-0.28505677549594843,-0.4015490580857109,0,0,0
-1.312005144184942,-0.683501905827532,0.2655183411252941,0,0,1
1.1768416199189895,-0.5380310391861295,0.8086497208107571,0,2,5
-0.6419310153877298,2.308249377914862,-0.2229353828871358,1,1,2
-0.7376558909301887,1.870130374862896,0.3748736524713605,1,1,2
1.0811167443765306,5.54913551830998,-0.5072591923869084,0,5,4
-0.7376558909301887,0.7332392909938698,1.486652651156369,0,3,1
1.0811167443765306,-0.5427236477874651,3.4696289635650395,1,4,3
2.3255401264284967,-0.45015127810657246,-0.6056789725983681,0,2,5
-0.8333807664726476,-0.4463118710691161,0.27280869521503187,1,0,0
0.8896669932916128,-0.39853258349188125,-0.9082286673224852,0,2,5
-0.8333807664726476,-0.37634934283102217,1.2861679136885804,1,3,1
0.7939421177491539,-0.5068891821045389,-0.26667750742556234,0,2,5
-1.1205553931000243,-0.40023898661963964,-0.6603566282714014,1,0,0
0.31531774003685936,-0.19419080894281424,0.18532444613817875,1,2,5
-0.9291056420151065,-0.5725857025232368,-0.5874530873740238,0,0,0
-1.312005144184942,-0.5218202094724248,-0.5400657857907283,0,0,0
0.5067674911217772,-0.014165278964304289,0.8851984387530036,0,3,1
1.7511908731737431,0.4064630920281384,1.9823967292585365,0,4,3
0.698217242206695,-0.5525354657720758,0.3821640065610983,0,2,1
-1.5034548952698599,-0.6813689019178341,1.1986836646117274,0,3,1
-0.06758176213297629,-0.5781315126884515,-0.5910982644188927,0,0,0
-0.35475638876035304,-0.2778045622029753,-0.38696834990623535,0,0,0
0.12386798895194154,-0.5781315126884515,0.19625997727278538,0,0,1
-0.35475638876035304,-0.34648728809525037,0.035872187298554674,0,0,0
1.942640624258661,0.04939823754469567,0.21813103954199867,0,2,5
-1.5034548952698599,-0.10204504004386128,-0.368742464681891,1,0,0
0.8896669932916128,1.0958499556425272,-0.5437109628355972,0,2,2
1.6554659976312842,0.6031260525022927,-0.6457759200919259,0,2,5
-0.9291056420151065,-0.14726472292945858,0.4149705999649182,0,3,1
1.0811167443765306,0.3057853074903935,-0.17190290425897148,0,2,5
1.846915748716202,-0.44076606090390136,-0.7587764084828611,0,2,5
2.3255401264284967,1.4341443757206276,-0.05525723882316732,0,2,5
0.028143113409482626,-0.4275414366637738,-0.6603566282714014,0,0,0
0.698217242206695,-0.5781315126884515,-0.7697119396174678,0,2,5
-0.5462061398452709,-0.12294847835890153,-0.33593587127807106,0,0,0
-0.5462061398452709,-0.5781315126884515,2.9228524068347075,1,4,1
0.8896669932916128,-0.29273558957086115,-0.6676469823611391,0,2,5
-0.35475638876035304,-0.5781315126884515,-0.7077439298546968,0,0,0
2.7084396285983323,-0.459109894527304,-0.8936479591430097,0,2,5
-0.6419310153877298,-0.5764251095606931,1.3590714545859581,0,3,1
-0.25903151321789414,0.1313055876770983,-0.19741914357305362,0,0,0
-0.8333807664726476,-0.20186962301772698,-0.6968083987200901,1,0,0
-0.06758176213297629,-0.5542418688998342,-0.2812582156050379,0,0,0
-0.9291056420151065,-0.2594607285795726,0.9909085730542012,1,3,1
0.9853918688340717,1.5762024361065134,-0.7150342839444346,0,1,2
-1.2162802686424832,-0.14001250963648543,0.5899390981186244,1,3,0
0.028143113409482626,-0.045307136045894876,0.43684166223413146,0,3,1
-0.25903151321789414,-0.1728607698458344,-0.2229353828871358,0,0,0
-1.2162802686424832,-0.13702630416290823,-0.5765175562394171,0,0,0
1.2725664954614484,-0.5781315126884515,-0.6457759200919259,0,2,5
0.9853918688340717,-0.6015945556951294,0.035872187298554674,1,2,5
-0.25903151321789414,-0.39256017254472686,-0.2849033926499067,0,0,0
-1.1205553931000243,4.292369614715928,0.0030655938947347578,0,5,4
-0.5462061398452709,-0.173287370627774,-0.095354186316725,0,0,0
-1.0248305175575654,-0.27993756611267323,-0.21199985175252914,1,0,0
-0.25903151321789414,-0.012032275054606304,0.021291479119079155,0,0,0
-1.0248305175575654,-0.7991107177331629,-0.09899936336159387,0,0,0
0.7939421177491539,-0.17840658001104914,-0.7478408773482544,0,2,5
-0.45048126430281193,-0.49409115864635095,-0.0406765306436918,1,0,5
0.8896669932916128,-0.5474162563888006,-0.4744525989830885,1,2,5
-0.5462061398452709,-0.377629145176841,1.7199439820279772,1,3,1
-1.0248305175575654,2.768551621627687,-0.7733571166623366,1,1,2
0.21959286449440046,-0.4885453484811362,1.3663618086756957,0,3,1
0.8896669932916128,1.174344499519413,0.9289405632914303,0,1,2
0.41104261557931826,-0.49537096099216976,0.8961339698876103,0,3,1
-1.0248305175575654,1.4640064304563996,-0.6275500348675814,1,1,2
0.7939421177491539,-0.13446669947127066,0.7393913569582484,1,2,5
-1.0248305175575654,-0.3938399748905457,0.25093763294581856,1,0,0
-0.45048126430281193,-0.5781315126884515,0.22177621658686755,0,0,1
1.3682913710039073,0.846288498207863,-0.7587764084828611,1,2,5
-0.9291056420151065,-0.5444300509152235,-0.1318059567654138,0,0,0
0.7939421177491539,-0.2500755113769015,-0.05161206177829844,0,2,5
-0.45048126430281193,-0.5781315126884515,-0.7697119396174678,0,0,0
0.8896669932916128,-0.5303522251112167,-0.7332601691687789,0,2,5
0.7939421177491539,0.4734394147926551,-0.41612976626518644,0,2,5
0.698217242206695,1.7110082831994262,-0.08441865518211836,0,1,2
0.9853918688340717,-1.4663143406866925,-0.5400657857907283,0,2,5
-0.06758176213297629,-0.5388842407500086,-0.6530662741816636,0,0,0
-0.06758176213297629,-0.5781315126884515,-0.7551312314379922,0,0,0
-0.6419310153877298,-0.5486960587346194,-0.5510013169253349,0,0,0
-0.25903151321789414,0.3936650685699505,-0.09899936336159387,0,0,0
1.1768416199189895,-0.15366373465855251,-0.25938715333582457,0,2,5
-0.35475638876035304,0.8360500794413126,2.000622614482881,1,3,1
-0.6419310153877298,-0.5781315126884515,-0.42706529739979304,0,0,0
1.3682913710039073,-0.4774537281507067,-0.25938715333582457,0,2,5
-0.9291056420151065,-0.08071500094688143,-0.23387091402174243,1,0,0
-1.0248305175575654,-0.30596021381098865,0.3165508197534584,1,0,0
-0.6419310153877298,0.06944847429585674,-0.521839900566384,0,0,0
-0.45048126430281193,-0.24794250746720348,-0.1463866649448893,1,0,5
-0.8333807664726476,1.1662390846625608,-0.5728723791945483,0,1,2
-1.0248305175575654,0.7426245081965409,-0.5400657857907283,1,0,0
0.41104261557931826,-0.5013433719393241,-0.76242158552773,0,2,0
-0.6419310153877298,-0.21722725116755248,1.7746216377010102,1,3,1
-1.0248305175575654,0.17780507290851438,-0.41248458922031755,0,0,0
-1.312005144184942,-0.5550950704637133,0.9909085730542012,1,3,1
3.1870640063106266,-0.1852321925220827,0.4477771933687381,0,2,5
0.31531774003685936,1.3245079747621513,-0.37603281877162875,0,1,2
0.31531774003685936,-0.43650005308450535,0.8232304289902327,0,3,1
0.7939421177491539,-0.19333760737893504,-0.2229353828871358,0,2,5
-0.7376558909301887,0.19316270105833988,-0.6275500348675814,0,0,0
-1.1205553931000243,-0.49323795708247176,5.168281466473937,0,4,3
0.5067674911217772,0.5131132875130376,-0.5983886185086305,0,2,0
-0.6419310153877298,-0.4740409218951899,-0.7842926477969433,0,0,0
-0.7376558909301887,-0.514141395397512,-0.4380008285343997,0,0,0
1.7511908731737431,-0.5781315126884515,10.03823799841876,0,4,3
0.028143113409482626,1.6871186394108086,2.5984316498413773,0,4,3
-0.1633066376754352,-0.5154211977433308,-0.4380008285343997,0,0,0
-0.7376558909301887,-0.12422828070472032,1.06016693690671,0,3,1
0.12386798895194154,0.35484439741344714,0.9252953862465614,0,3,1
-1.8863543974396957,-0.287616380187586,-0.9665515000403873,1,0,0
-0.45048126430281193,-0.030802709459948573,-0.6530662741816636,1,0,5
0.21959286449440046,-0.6753964909706797,-0.5437109628355972,1,0,5
0.31531774003685936,-0.06365096966929755,-0.4051942351305798,1,2,5
-1.6949046463547779,-0.3268636521260289,-0.76242158552773,1,0,0
-1.312005144184942,-0.23343808088125717,1.1184897696246119,1,3,1
0.698217242206695,0.0728612805513735,0.0067107709396036375,0,2,5
0.6024923666642361,0.5489477531959638,0.14158232159975218,0,2,5
0.12386798895194154,0.7306796863022321,0.5753583899391489,0,3,1
-0.06758176213297629,-0.06365096966929755,-0.2557419762909557,0,0,0
-0.7376558909301887,0.04683863285305809,-0.6311952119124503,0,0,0
-0.8333807664726476,0.2029745190429506,-0.6749373364508768,1,0,0
1.7511908731737431,-0.259034127797633,-0.31770998605372663,0,2,5
0.31531774003685936,-0.08924701658567337,-0.33958104832293995,0,2,0
0.7939421177491539,-0.2146676464759149,0.4988096719969024,0,2,1
-1.8863543974396957,0.4832512327772659,-0.04796688473342956,1,0,0
-0.8333807664726476,-0.9403155765551695,-0.24480644515634906,1,0,0
1.2725664954614484,1.0681209048164535,-0.609324149643237,0,2,5
1.3682913710039073,-0.5051827789767804,-0.7223246380341724,0,2,5
-0.8333807664726476,2.0433302923303724,0.33113152793293393,1,1,2
0.7939421177491539,-1.2948208263469747,-0.6530662741816636,0,2,5
1.3682913710039073,-0.11484306350204919,-0.4562267137587441,0,2,5
-0.7376558909301887,-0.5521088649901361,2.058945447200783,1,3,1
-0.45048126430281193,-0.5730123033051764,1.1512963630284319,1,3,1
